{"epsilon": 0.999246, "_timestamp": 1650377393, "_runtime": 21, "_step": 754, "parameters/_dqn_by_action_mode.0.fc.0.weight": {"_type": "histogram", "values": [1.0, 1.0, 1.0, 6.0, 5.0, 8.0, 15.0, 16.0, 32.0, 37.0, 62.0, 68.0, 134.0, 422.0, 661.0, 718.0, 695.0, 713.0, 682.0, 711.0, 712.0, 734.0, 739.0, 724.0, 701.0, 739.0, 781.0, 730.0, 761.0, 728.0, 709.0, 798.0, 774.0, 742.0, 752.0, 753.0, 702.0, 703.0, 698.0, 667.0, 670.0, 580.0, 544.0, 138.0, 101.0, 70.0, 69.0, 40.0, 31.0, 23.0, 15.0, 16.0, 4.0, 6.0, 4.0, 3.0, 1.0, 1.0, 0.0, 0.0, 0.0, 0.0, 0.0, 1.0], "bins": [-0.06788432598114014, -0.06547550857067108, -0.06306669861078262, -0.06065788492560387, -0.05824907124042511, -0.055840253829956055, -0.0534314401447773, -0.05102262645959854, -0.048613812774419785, -0.04620499908924103, -0.04379618540406227, -0.041387371718883514, -0.03897855430841446, -0.036569744348526, -0.034160926938056946, -0.03175211325287819, -0.029343299567699432, -0.026934485882520676, -0.02452567219734192, -0.022116856649518013, -0.019708042964339256, -0.0172992292791605, -0.014890414662659168, -0.012481600046157837, -0.01007278636097908, -0.007663972210139036, -0.005255158059298992, -0.002846343908458948, -0.0004375297576189041, 0.0019712839275598526, 0.004380098544061184, 0.006788913160562515, 0.009197734296321869, 0.011606547981500626, 0.014015362598001957, 0.01642417721450329, 0.018832990899682045, 0.0212418045848608, 0.023650620132684708, 0.026059433817863464, 0.02846824750304222, 0.030877061188220978, 0.033285874873399734, 0.03569468855857849, 0.038103505969047546, 0.040512315928936005, 0.04292113333940506, 0.045329947024583817, 0.04773876070976257, 0.05014757439494133, 0.05255638808012009, 0.05496520176529884, 0.0573740154504776, 0.059782832860946655, 0.06219164654612541, 0.06460046023130417, 0.06700927019119263, 0.06941808760166168, 0.07182689756155014, 0.0742357149720192, 0.07664452493190765, 0.07905334234237671, 0.08146215230226517, 0.08387096971273422, 0.08627978712320328]}, "parameters/_dqn_by_action_mode.0.fc.0.bias": {"_type": "histogram", "values": [1.0, 0.0, 1.0, 0.0, 1.0, 0.0, 1.0, 0.0, 0.0, 0.0, 2.0, 0.0, 0.0, 1.0, 0.0, 0.0, 0.0, 0.0, 0.0, 1.0, 0.0, 0.0, 2.0, 1.0, 0.0, 0.0, 0.0, 0.0, 0.0, 0.0, 0.0, 1.0, 0.0, 0.0, 0.0, 1.0, 1.0, 0.0, 1.0, 1.0, 1.0, 3.0, 1.0, 1.0, 0.0, 1.0, 0.0, 1.0, 0.0, 0.0, 0.0, 0.0, 1.0, 0.0, 0.0, 1.0, 0.0, 1.0, 0.0, 0.0, 0.0, 0.0, 0.0, 1.0], "bins": [-0.03508869558572769, -0.03379499912261963, -0.032501302659511566, -0.031207609921693802, -0.02991391345858574, -0.028620216995477676, -0.027326522395014763, -0.02603282779455185, -0.024739131331443787, -0.023445434868335724, -0.02215174026787281, -0.020858045667409897, -0.019564349204301834, -0.01827065274119377, -0.016976958140730858, -0.015683263540267944, -0.014389567077159882, -0.013095871545374393, -0.011802176013588905, -0.010508480481803417, -0.009214784950017929, -0.007921089418232441, -0.006627393886446953, -0.005333698354661465, -0.0040400028228759766, -0.0027463072910904884, -0.0014526117593050003, -0.00015891622751951218, 0.001134779304265976, 0.002428474836051464, 0.003722170367836952, 0.00501586589962244, 0.00630955770611763, 0.007603253237903118, 0.008896948769688606, 0.010190644301474094, 0.011484339833259583, 0.01277803536504507, 0.014071730896830559, 0.015365426428616047, 0.016659121960401535, 0.017952818423509598, 0.01924651302397251, 0.020540207624435425, 0.021833904087543488, 0.02312760055065155, 0.024421295151114464, 0.025714989751577377, 0.02700868621468544, 0.028302382677793503, 0.029596077278256416, 0.03088977187871933, 0.03218346834182739, 0.033477164804935455, 0.03477086126804352, 0.03606455400586128, 0.037358250468969345, 0.03865194693207741, 0.03994563966989517, 0.041239336133003235, 0.0425330325961113, 0.04382672905921936, 0.04512042552232742, 0.04641411826014519, 0.04770781472325325]}, "parameters/_dqn_by_action_mode.0.fc.2.weight": {"_type": "histogram", "values": [4.0, 7.0, 22.0, 37.0, 32.0, 40.0, 43.0, 61.0, 58.0, 58.0, 38.0, 46.0, 42.0, 47.0, 39.0, 39.0, 52.0, 62.0, 55.0, 60.0, 52.0, 60.0, 39.0, 38.0, 60.0, 49.0, 42.0, 52.0, 49.0, 55.0, 45.0, 46.0, 42.0, 46.0, 50.0, 37.0, 50.0, 55.0, 65.0, 54.0, 63.0, 44.0, 53.0, 57.0, 52.0, 69.0, 53.0, 46.0, 58.0, 55.0, 45.0, 32.0, 55.0, 47.0, 63.0, 49.0, 51.0, 26.0, 17.0, 18.0, 12.0, 4.0, 1.0, 2.0], "bins": [-0.20129667222499847, -0.1944897174835205, -0.18768277764320374, -0.18087582290172577, -0.1740688681602478, -0.16726192831993103, -0.16045497357845306, -0.1536480188369751, -0.14684107899665833, -0.14003412425518036, -0.1332271844148636, -0.12642022967338562, -0.11961328238248825, -0.11280633509159088, -0.10599938035011292, -0.09919243305921555, -0.09238548576831818, -0.0855785384774208, -0.07877159118652344, -0.07196463644504547, -0.0651576891541481, -0.05835074186325073, -0.051543790847063065, -0.0447368398308754, -0.03792989253997803, -0.03112294338643551, -0.02431599423289299, -0.01750904507935047, -0.010702095925807953, -0.0038951486349105835, 0.0029118023812770844, 0.009718753397464752, 0.01652570068836212, 0.02333264984190464, 0.03013959899544716, 0.03694655001163483, 0.043753497302532196, 0.050560444593429565, 0.05736739560961723, 0.0641743466258049, 0.07098129391670227, 0.07778824120759964, 0.08459518849849701, 0.09140214323997498, 0.09820909053087234, 0.10501603782176971, 0.11182299256324768, 0.11862993985414505, 0.12543688714504242, 0.13224384188652039, 0.13905078172683716, 0.14585773646831512, 0.1526646912097931, 0.15947163105010986, 0.16627858579158783, 0.1730855405330658, 0.17989248037338257, 0.18669943511486053, 0.1935063749551773, 0.20031332969665527, 0.20712026953697205, 0.21392722427845, 0.22073417901992798, 0.22754111886024475, 0.23434807360172272]}, "parameters/_dqn_by_action_mode.0.fc.2.bias": {"_type": "histogram", "values": [1.0, 0.0, 1.0, 2.0, 1.0, 1.0, 2.0, 3.0, 3.0, 0.0, 0.0, 2.0, 3.0, 2.0, 1.0, 4.0, 1.0, 2.0, 1.0, 0.0, 5.0, 0.0, 5.0, 3.0, 2.0, 4.0, 2.0, 1.0, 1.0, 1.0, 1.0, 0.0, 1.0, 1.0, 1.0, 1.0, 0.0, 1.0, 2.0, 1.0, 1.0, 2.0, 0.0, 1.0, 0.0, 1.0, 2.0, 1.0, 0.0, 4.0, 3.0, 4.0, 2.0, 2.0, 2.0, 3.0, 4.0, 0.0, 0.0, 1.0, 1.0, 0.0, 1.0, 2.0], "bins": [-0.16932819783687592, -0.16348877549171448, -0.15764935314655304, -0.1518099308013916, -0.14597050845623016, -0.14013108611106873, -0.1342916637659073, -0.12845224142074585, -0.12261281907558441, -0.11677339673042297, -0.11093397438526154, -0.1050945520401001, -0.09925512969493866, -0.09341570734977722, -0.08757628500461578, -0.08173686265945435, -0.07589744031429291, -0.07005801796913147, -0.06421859562397003, -0.058379173278808594, -0.052539750933647156, -0.04670032858848572, -0.04086090624332428, -0.03502148389816284, -0.029182061553001404, -0.023342639207839966, -0.017503216862678528, -0.01166379451751709, -0.005824372172355652, 1.5050172805786133e-05, 0.005854472517967224, 0.011693894863128662, 0.017533332109451294, 0.023372754454612732, 0.02921217679977417, 0.03505159914493561, 0.040891021490097046, 0.046730443835258484, 0.05256986618041992, 0.05840928852558136, 0.0642487108707428, 0.07008813321590424, 0.07592755556106567, 0.08176697790622711, 0.08760640025138855, 0.09344582259654999, 0.09928524494171143, 0.10512466728687286, 0.1109640896320343, 0.11680351197719574, 0.12264293432235718, 0.12848235666751862, 0.13432177901268005, 0.1401612013578415, 0.14600062370300293, 0.15184004604816437, 0.1576794683933258, 0.16351889073848724, 0.16935831308364868, 0.17519773542881012, 0.18103715777397156, 0.186876580119133, 0.19271600246429443, 0.19855542480945587, 0.2043948471546173]}, "parameters/_dqn_by_action_mode.1.fc.0.weight": {"_type": "histogram",